Start Location,Blocker X location,Blocker X rotation,Blocker Y rotation,Reward Zone Centre,Reward Zone Size (half),Track ID,Lap ID,Lick Limit,Trial Type
-120,-5,3.14159265,3.14159265,-30,30,2,1,0,0
-120,-5,3.14159265,3.14159265,-30,20,2,2,0,0
-120,-5,3.14159265,3.14159265,-30,10,2,3,0,0
-120,-5,3.14159265,3.14159265,-30,5,2,4,0,0
-1120,5,0,0,-1030,30,1,1,0,0
-1120,5,0,0,-1030,20,1,2,0,0
-1120,5,0,0,-1030,10,1,3,0,0
-1120,5,0,0,-1030,5,1,4,0,0
200,10,0,0,-10000,0,0,1,0,0
